{
  "$schema": "https://biomejs.dev/schemas/1.6.4/schema.json",
  "vcs": {
    "enabled": true,
    "clientKind": "git"
  },
  "files": {
    "ignore": [
      "node_modules",
      ".next",
      "dist",
      "build",
      "coverage",
      "*.log",
      ".turbo",
      ".vercel",
      ".github",
      "public",
      "*.md",
      "*.sql",
      "*.lock",
      "Dockerfile*",
      "docker-compose*",
      "**/node_modules",
      "**/.next",
      "**/dist",
      "**/build"
    ],
    "include": ["**/*.{js,jsx,ts,tsx,json,css,md}"],
    "ignoreUnknown": false
  },
  "formatter": {
    "enabled": true,
    "formatWithErrors": true,
    "indentStyle": "space",
    "indentWidth": 2,
    "lineWidth": 100,
    "lineEnding": "lf"
  },
  "organizeImports": {
    "enabled": true
  },
  "linter": {
    "enabled": true,
    "rules": {
      "recommended": true,
      "correctness": {
        "noUnusedVariables": "error",
        "noUnusedImports": "error"
      },
      "style": {
        "noNonNullAssertion": "warn",
        "useConst": "error"
      },
      "suspicious": {
        "noExplicitAny": "warn",
        "noConsole": "off"
      }
    }
  },
  "javascript": {
    "formatter": {
      "quoteStyle": "single",
      "trailingCommas": "es5",
      "semicolons": "always",
      "quoteProperties": "asNeeded"
    }
  },
  "json": {
    "formatter": {
      "trailingCommas": "none"
    },
    "parser": {
      "allowComments": true
    }
  }
}
