{
  "$schema": "https://turbo.build/schema.json",
  "tasks": {
    "build": {
      "dependsOn": ["^build"],
      "outputs": [".next/**", "!.next/cache/**"],
      "env": ["NODE_ENV", "NEXT_PUBLIC_*"],
      "cache": true
    },
    "dev": {
      "cache": false,
      "persistent": true,
      "dependsOn": ["^build"]
    },
    "lint": {
      "outputs": [],
      "cache": true
    },
    "type-check": {
      "outputs": ["*.tsbuildinfo"],
      "cache": true
    }
  },
  "globalDependencies": [
    "**/.env.*",
    "turbo.json",
    "package.json",
    "tsconfig.json"
  ]
}